{
  "project_info": {
    "project_number": "265172445467",
    "firebase_url": "https://myway-91d0a.firebaseio.com",
    "project_id": "myway-91d0a",
    "storage_bucket": "myway-91d0a.appspot.com"
  },
  "client": [
    {
      "client_info": {
        "mobilesdk_app_id": "1:265172445467:android:d39670fe22252a35290bbe",
        "android_client_info": {
          "package_name": "com.project.myway"
        }
      },
      "oauth_client": [
        {
          "client_id": "265172445467-9sb0uho8rhlaqd6gugr0ir16v6s70q3b.apps.googleusercontent.com",
          "client_type": 1,
          "android_info": {
            "package_name": "com.project.myway",
            "certificate_hash": "484b63a5e390eee82c776a12242726233573c5bc"
          }
        },
        {
          "client_id": "265172445467-c8ebc9ksive295hj3udt6a3lepk1kjam.apps.googleusercontent.com",
          "client_type": 3
        }
      ],
      "api_key": [
        {
          "current_key": "AIzaSyBXcZE2JCBJabw2VKCWF9G-RdbbGzuPrVo"
        }
      ],
      "services": {
        "appinvite_service": {
          "other_platform_oauth_client": [
            {
              "client_id": "265172445467-c8ebc9ksive295hj3udt6a3lepk1kjam.apps.googleusercontent.com",
              "client_type": 3
            }
          ]
        }
      }
    }
  ],
  "configuration_version": "1"
}